Order_2,Word_2
0,holding
1,report
2,fate
3,sick
4,proud
5,choose
6,million
7,a
8,rights
9,aid
10,amount
11,bank
12,capital
13,royal
14,fully
15,animal
16,posted
17,secure
18,forest
19,stream
20,created
21,coast
22,bottom
23,Washington
24,succeeded
25,bread
26,advance
27,claim
28,delight
29,fashion
30,papers
31,stage
32,desired
33,portion
34,cross
35,brave
36,servants
37,expense
38,principal
39,seek
40,ear
41,creature
42,freedom
43,there's
44,weather
45,surface
46,thick
47,carriage
48,false
49,rain
50,grow
51,add
52,don
53,tall
54,stranger
55,served
56,faces
57,comfort
58,dare
59,necessity
60,surprised
61,national
62,o
63,fingers
64,check
65,shoulders
66,blow
67,presently
68,hung
69,sons
70,throughout
71,gentle
72,education
73,touched
74,numerous
75,robert
76,gate
77,immediate
78,wealth
79,august
80,song
81,practice
82,group
83,waited
84,draw
85,style
86,quietly
87,growing
88,fond
89,holy
90,opening
91,famous
92,species
93,grass
94,active
95,shoulder
96,consequence
97,breast
98,frequently
99,David
